Date,City,Non-Violent Count,Daily Non-Violent Change,Daily Non-Violent % Change,Violent Count,Daily Violent Change,Daily Violent % Change,Cum_Open_Cases,Change in New Cases,% Change in New Cases
1-Mar,Philadelphia,242,0,0.0%,99,0,0.0%,0,0,0.0%
2-Mar,Philadelphia,327,85,35.1%,110,11,11.1%,0,0,0.0%
3-Mar,Philadelphia,319,-8,-2.4%,102,-8,-7.3%,0,0,0.0%
4-Mar,Philadelphia,312,-7,-2.2%,119,17,16.7%,0,0,0.0%
5-Mar,Philadelphia,347,35,11.2%,151,32,26.9%,0,0,0.0%
6-Mar,Philadelphia,287,-60,-17.3%,105,-46,-30.5%,0,0,0.0%
7-Mar,Philadelphia,296,9,3.1%,91,-14,-13.3%,0,0,0.0%
8-Mar,Philadelphia,256,-40,-13.5%,91,0,0.0%,0,0,0.0%
9-Mar,Philadelphia,334,78,30.5%,131,40,44.0%,0,0,0.0%
10-Mar,Philadelphia,352,18,5.4%,149,18,13.7%,1,1,0.0%
11-Mar,Philadelphia,355,3,0.9%,134,-15,-10.1%,1,0,0.0%
12-Mar,Philadelphia,335,-20,-5.6%,124,-10,-7.5%,1,0,0.0%
13-Mar,Philadelphia,307,-28,-8.4%,101,-23,-18.5%,3,2,200.0%
14-Mar,Philadelphia,325,18,5.9%,98,-3,-3.0%,4,1,33.3%
15-Mar,Philadelphia,227,-98,-30.2%,121,23,23.5%,8,4,100.0%
16-Mar,Philadelphia,279,52,22.9%,102,-19,-15.7%,8,0,0.0%
17-Mar,Philadelphia,261,-18,-6.5%,88,-14,-13.7%,10,2,25.0%
18-Mar,Philadelphia,230,-31,-11.9%,96,8,9.1%,17,7,70.0%
19-Mar,Philadelphia,262,32,13.9%,97,1,1.0%,33,16,94.1%
20-Mar,Philadelphia,228,-34,-13.0%,97,0,0.0%,42,9,27.3%
21-Mar,Philadelphia,236,8,3.5%,89,-8,-8.2%,69,27,64.3%
22-Mar,Philadelphia,158,-78,-33.1%,89,0,0.0%,91,22,31.9%
23-Mar,Philadelphia,182,24,15.2%,65,-24,-27.0%,128,37,40.7%
24-Mar,Philadelphia,238,56,30.8%,100,35,53.8%,177,49,38.3%
25-Mar,Philadelphia,224,-14,-5.9%,71,-29,-29.0%,257,80,45.2%
26-Mar,Philadelphia,245,21,9.4%,98,27,38.0%,402,145,56.4%
27-Mar,Philadelphia,208,-37,-15.1%,84,-14,-14.3%,530,128,31.8%
28-Mar,Philadelphia,160,-48,-23.1%,57,-27,-32.1%,709,179,33.8%
29-Mar,Philadelphia,135,-25,-15.6%,81,24,42.1%,865,156,22.0%
30-Mar,Philadelphia,233,98,72.6%,101,20,24.7%,1072,207,23.9%
31-Mar,Philadelphia,170,-63,-27.0%,98,-3,-3.0%,1315,243,22.7%
1-Apr,Philadelphia,200,30,17.6%,93,-5,-5.1%,1478,163,12.4%
2-Apr,Philadelphia,274,74,37.0%,74,-19,-20.4%,1852,374,25.3%
3-Apr,Philadelphia,233,-41,-15.0%,76,2,2.7%,2284,432,23.3%
4-Apr,Philadelphia,237,4,1.7%,83,7,9.2%,2610,326,14.3%
5-Apr,Philadelphia,202,-35,-14.8%,69,-14,-16.9%,3135,525,20.1%
6-Apr,Philadelphia,278,76,37.6%,91,22,31.9%,3611,476,15.2%
7-Apr,Philadelphia,259,-19,-6.8%,81,-10,-11.0%,4012,401,11.1%
8-Apr,Philadelphia,227,-32,-12.4%,87,6,7.4%,4456,444,11.1%
9-Apr,Philadelphia,239,12,5.3%,79,-8,-9.2%,5029,573,12.9%
10-Apr,Philadelphia,241,2,0.8%,81,2,2.5%,5521,492,9.8%
11-Apr,Philadelphia,204,-37,-15.4%,72,-9,-11.1%,6022,501,9.1%
12-Apr,Philadelphia,179,-25,-12.3%,77,5,6.9%,6352,330,5.5%
13-Apr,Philadelphia,200,21,11.7%,86,9,11.7%,6810,458,7.2%
14-Apr,Philadelphia,245,45,22.5%,77,-9,-10.5%,7130,320,4.7%
15-Apr,Philadelphia,262,17,6.9%,81,4,5.2%,7441,311,4.4%
16-Apr,Philadelphia,246,-16,-6.1%,70,-11,-13.6%,8045,604,8.1%
17-Apr,Philadelphia,240,-6,-2.4%,88,18,25.7%,8563,518,6.4%
18-Apr,Philadelphia,235,-5,-2.1%,82,-6,-6.8%,9014,451,5.3%
19-Apr,Philadelphia,194,-41,-17.4%,93,11,13.4%,9214,200,2.2%
20-Apr,Philadelphia,250,56,28.9%,98,5,5.4%,9553,339,3.7%
21-Apr,Philadelphia,270,20,8.0%,83,-15,-15.3%,10028,475,5.0%
22-Apr,Philadelphia,256,-14,-5.2%,73,-10,-12.0%,10643,615,6.1%
23-Apr,Philadelphia,250,-6,-2.3%,70,-3,-4.1%,11226,583,5.5%
24-Apr,Philadelphia,253,3,1.2%,63,-7,-10.0%,11877,651,5.8%
25-Apr,Philadelphia,252,-1,-0.4%,89,26,41.3%,12329,452,3.8%
26-Apr,Philadelphia,193,-59,-23.4%,73,-16,-18.0%,12566,237,1.9%
27-Apr,Philadelphia,274,81,42.0%,79,6,8.2%,12868,302,2.4%
28-Apr,Philadelphia,279,5,1.8%,99,20,25.3%,13445,577,4.5%
29-Apr,Philadelphia,289,10,3.6%,91,-8,-8.1%,13445,0,0.0%
30-Apr,Philadelphia,239,-50,-17.3%,74,-17,-18.7%,14468,1023,7.6%
1-May,Philadelphia,281,42,17.6%,101,27,36.5%,15137,669,4.6%
2-May,Philadelphia,274,-7,-2.5%,95,-6,-5.9%,15527,390,2.6%
3-May,Philadelphia,233,-41,-15.0%,108,13,13.7%,15854,327,2.1%
4-May,Philadelphia,287,54,23.2%,98,-10,-9.3%,16040,186,1.2%
5-May,Philadelphia,306,19,6.6%,94,-4,-4.1%,16410,370,2.3%
6-May,Philadelphia,302,-4,-1.3%,100,6,6.4%,16697,287,1.7%
7-May,Philadelphia,345,43,14.2%,92,-8,-8.0%,17047,350,2.1%
8-May,Philadelphia,332,-13,-3.8%,101,9,9.8%,17517,470,2.8%
9-May,Philadelphia,238,-94,-28.3%,90,-11,-10.9%,17881,364,2.1%
10-May,Philadelphia,203,-35,-14.7%,88,-2,-2.2%,18211,330,1.8%
11-May,Philadelphia,328,125,61.6%,96,8,9.1%,18313,102,0.6%
12-May,Philadelphia,352,24,7.3%,92,-4,-4.2%,18537,224,1.2%
13-May,Philadelphia,364,12,3.4%,88,-4,-4.3%,18779,242,1.3%
14-May,Philadelphia,354,-10,-2.7%,96,8,9.1%,19093,314,1.7%
15-May,Philadelphia,332,-22,-6.2%,100,4,4.2%,19349,256,1.3%
16-May,Philadelphia,268,-64,-19.3%,104,4,4.0%,19606,257,1.3%
17-May,Philadelphia,247,-21,-7.8%,118,14,13.5%,19606,0,0.0%
18-May,Philadelphia,318,71,28.7%,104,-14,-11.9%,19950,344,1.8%
19-May,Philadelphia,394,76,23.9%,98,-6,-5.8%,20129,179,0.9%
20-May,Philadelphia,356,-38,-9.6%,104,6,6.1%,20359,230,1.1%
21-May,Philadelphia,340,-16,-4.5%,83,-21,-20.2%,20700,341,1.7%
22-May,Philadelphia,318,-22,-6.5%,86,3,3.6%,21009,309,1.5%
23-May,Philadelphia,281,-37,-11.6%,99,13,15.1%,21234,225,1.1%
24-May,Philadelphia,227,-54,-19.2%,107,8,8.1%,21234,0,0.0%
25-May,Philadelphia,250,23,10.1%,98,-9,-8.4%,21641,407,1.9%
26-May,Philadelphia,361,111,44.4%,116,18,18.4%,21738,97,0.4%
27-May,Philadelphia,328,-33,-9.1%,111,-5,-4.3%,21975,237,1.1%
28-May,Philadelphia,370,42,12.8%,124,13,11.7%,22150,175,0.8%
29-May,Philadelphia,319,-51,-13.8%,127,3,2.4%,22405,255,1.2%
30-May,Philadelphia,271,-48,-15.0%,95,-32,-25.2%,22629,224,1.0%
31-May,Philadelphia,550,279,103.0%,93,-2,-2.1%,22629,0,0.0%
1-Jun,Philadelphia,781,231,42.0%,117,24,25.8%,22881,252,1.1%
2-Jun,Philadelphia,477,-304,-38.9%,113,-4,-3.4%,23034,153,0.7%
3-Jun,Philadelphia,316,-161,-33.8%,90,-23,-20.4%,23160,126,0.5%
4-Jun,Philadelphia,283,-33,-10.4%,109,19,21.1%,23281,121,0.5%
5-Jun,Philadelphia,244,-39,-13.8%,106,-3,-2.8%,23407,126,0.5%
6-Jun,Philadelphia,199,-45,-18.4%,76,-30,-28.3%,23529,122,0.5%
7-Jun,Philadelphia,193,-6,-3.0%,117,41,53.9%,23529,0,0.0%
8-Jun,Philadelphia,286,93,48.2%,109,-8,-6.8%,23691,162,0.7%
9-Jun,Philadelphia,285,-1,-0.3%,88,-21,-19.3%,23822,131,0.6%
10-Jun,Philadelphia,264,-21,-7.4%,111,23,26.1%,23951,129,0.5%
11-Jun,Philadelphia,284,20,7.6%,100,-11,-9.9%,24107,156,0.7%
12-Jun,Philadelphia,263,-21,-7.4%,123,23,23.0%,24228,121,0.5%
13-Jun,Philadelphia,179,-84,-31.9%,93,-30,-24.4%,24338,110,0.5%
14-Jun,Philadelphia,186,7,3.9%,93,0,0.0%,24338,0,0.0%
15-Jun,Philadelphia,274,88,47.3%,91,-2,-2.2%,24475,137,0.6%
16-Jun,Philadelphia,291,17,6.2%,113,22,24.2%,24591,116,0.5%
17-Jun,Philadelphia,244,-47,-16.2%,127,14,12.4%,24655,64,0.3%
18-Jun,Philadelphia,234,-10,-4.1%,104,-23,-18.1%,24723,68,0.3%
19-Jun,Philadelphia,225,-9,-3.8%,122,18,17.3%,24841,118,0.5%
20-Jun,Philadelphia,187,-38,-16.9%,106,-16,-13.1%,24841,0,0.0%
21-Jun,Philadelphia,167,-20,-10.7%,108,2,1.9%,24841,0,0.0%
22-Jun,Philadelphia,258,91,54.5%,116,8,7.4%,25116,275,1.1%
23-Jun,Philadelphia,283,25,9.7%,142,26,22.4%,25335,219,0.9%
24-Jun,Philadelphia,225,-58,-20.5%,126,-16,-11.3%,25443,108,0.4%
25-Jun,Philadelphia,226,1,0.4%,127,1,0.8%,25443,0,0.0%
26-Jun,Philadelphia,209,-17,-7.5%,114,-13,-10.2%,25693,250,1.0%
27-Jun,Philadelphia,158,-51,-24.4%,128,14,12.3%,25693,0,0.0%
28-Jun,Philadelphia,161,3,1.9%,103,-25,-19.5%,25693,0,0.0%
29-Jun,Philadelphia,242,81,50.3%,89,-14,-13.6%,25991,298,1.2%
30-Jun,Philadelphia,260,18,7.4%,115,26,29.2%,26133,142,0.5%
1-Mar,Los Angeles,434,0,0.00%,186,0,0.00%,1,0,0.0%
2-Mar,Los Angeles,438,4,0.92%,159,-27,-14.52%,1,0,0.0%
3-Mar,Los Angeles,391,-47,-10.73%,170,11,6.92%,1,0,0.0%
4-Mar,Los Angeles,353,-38,-9.72%,157,-13,-7.65%,7,6,600.0%
5-Mar,Los Angeles,415,62,17.56%,136,-21,-13.38%,11,4,57.1%
6-Mar,Los Angeles,397,-18,-4.34%,178,42,30.88%,13,2,18.2%
7-Mar,Los Angeles,356,-41,-10.33%,148,-30,-16.85%,14,1,7.7%
8-Mar,Los Angeles,366,10,2.81%,172,24,16.22%,14,0,0.0%
9-Mar,Los Angeles,368,2,0.55%,143,-29,-16.86%,19,5,35.7%
10-Mar,Los Angeles,416,48,13.04%,124,-19,-13.29%,20,1,5.3%
11-Mar,Los Angeles,429,13,3.13%,147,23,18.55%,28,8,40.0%
12-Mar,Los Angeles,361,-68,-15.85%,125,-22,-14.97%,32,4,14.3%
13-Mar,Los Angeles,408,47,13.02%,112,-13,-10.40%,40,8,25.0%
14-Mar,Los Angeles,352,-56,-13.73%,163,51,45.54%,53,13,32.5%
15-Mar,Los Angeles,346,-6,-1.70%,191,28,17.18%,69,16,30.2%
16-Mar,Los Angeles,367,21,6.07%,141,-50,-26.18%,94,25,36.2%
17-Mar,Los Angeles,330,-37,-10.08%,135,-6,-4.26%,144,50,53.2%
18-Mar,Los Angeles,310,-20,-6.06%,139,4,2.96%,190,46,31.9%
19-Mar,Los Angeles,300,-10,-3.23%,110,-29,-20.86%,231,41,21.6%
20-Mar,Los Angeles,338,38,12.67%,121,11,10.00%,292,61,26.4%
21-Mar,Los Angeles,286,-52,-15.38%,133,12,9.92%,351,59,20.2%
22-Mar,Los Angeles,269,-17,-5.94%,138,5,3.76%,421,70,19.9%
23-Mar,Los Angeles,336,67,24.91%,145,7,5.07%,536,115,27.3%
24-Mar,Los Angeles,324,-12,-3.57%,150,5,3.45%,662,126,23.5%
25-Mar,Los Angeles,358,34,10.49%,134,-16,-10.67%,799,137,20.7%
26-Mar,Los Angeles,333,-25,-6.98%,139,5,3.73%,1216,417,52.2%
27-Mar,Los Angeles,378,45,13.51%,139,0,0.00%,1465,249,20.5%
28-Mar,Los Angeles,325,-53,-14.02%,111,-28,-20.14%,1804,339,23.1%
29-Mar,Los Angeles,291,-34,-10.46%,124,13,11.71%,2136,332,18.4%
30-Mar,Los Angeles,374,83,28.52%,98,-26,-20.97%,2474,338,15.8%
31-Mar,Los Angeles,344,-30,-8.02%,119,21,21.43%,3011,537,21.7%
1-Apr,Los Angeles,386,42,12.21%,146,27,22.69%,3518,507,16.8%
2-Apr,Los Angeles,323,-63,-16.32%,136,-10,-6.85%,4045,527,15.0%
3-Apr,Los Angeles,362,39,12.07%,130,-6,-4.41%,4566,521,12.9%
4-Apr,Los Angeles,303,-59,-16.30%,162,32,24.62%,5277,711,15.6%
5-Apr,Los Angeles,334,31,10.23%,122,-40,-24.69%,5940,663,12.6%
6-Apr,Los Angeles,360,26,7.78%,126,4,3.28%,6360,420,7.1%
7-Apr,Los Angeles,346,-14,-3.89%,118,-8,-6.35%,6910,550,8.6%
8-Apr,Los Angeles,320,-26,-7.51%,109,-9,-7.63%,7530,620,9.0%
9-Apr,Los Angeles,313,-7,-2.19%,95,-14,-12.84%,7955,425,5.6%
10-Apr,Los Angeles,400,87,27.80%,124,29,30.53%,8430,475,6.0%
11-Apr,Los Angeles,377,-23,-5.75%,136,12,9.68%,8873,443,5.3%
12-Apr,Los Angeles,317,-60,-15.92%,142,6,4.41%,9192,319,3.6%
13-Apr,Los Angeles,375,58,18.30%,121,-21,-14.79%,9420,228,2.5%
14-Apr,Los Angeles,360,-15,-4.00%,138,17,14.05%,10047,627,6.7%
15-Apr,Los Angeles,366,6,1.67%,134,-4,-2.90%,10496,449,4.5%
16-Apr,Los Angeles,395,29,7.92%,138,4,2.99%,10854,358,3.4%
17-Apr,Los Angeles,395,0,0.00%,144,6,4.35%,11391,537,4.9%
18-Apr,Los Angeles,390,-5,-1.27%,126,-18,-12.50%,12021,630,5.5%
19-Apr,Los Angeles,362,-28,-7.18%,143,17,13.49%,12341,320,2.7%
20-Apr,Los Angeles,409,47,12.98%,139,-4,-2.80%,13816,1475,12.0%
21-Apr,Los Angeles,353,-56,-13.69%,142,3,2.16%,15140,1324,9.6%
22-Apr,Los Angeles,358,5,1.42%,143,1,0.70%,16435,1295,8.6%
23-Apr,Los Angeles,388,30,8.38%,142,-1,-0.70%,17508,1073,6.5%
24-Apr,Los Angeles,375,-13,-3.35%,175,33,23.24%,18545,1037,5.9%
25-Apr,Los Angeles,408,33,8.80%,168,-7,-4.00%,19107,562,3.0%
26-Apr,Los Angeles,330,-78,-19.12%,192,24,14.29%,19528,421,2.2%
27-Apr,Los Angeles,405,75,22.73%,140,-52,-27.08%,20417,889,4.6%
28-Apr,Los Angeles,399,-6,-1.48%,184,44,31.43%,20976,559,2.7%
29-Apr,Los Angeles,351,-48,-12.03%,138,-46,-25.00%,22485,1509,7.2%
30-Apr,Los Angeles,383,32,9.12%,141,3,2.17%,23182,697,3.1%
1-May,Los Angeles,416,33,8.62%,134,-7,-4.96%,24215,1033,4.5%
2-May,Los Angeles,340,-76,-18.27%,178,44,32.84%,24894,679,2.8%
3-May,Los Angeles,336,-4,-1.18%,143,-35,-19.66%,25662,768,3.1%
4-May,Los Angeles,377,41,12.20%,170,27,18.88%,26217,555,2.2%
5-May,Los Angeles,372,-5,-1.33%,149,-21,-12.35%,27815,1598,6.1%
6-May,Los Angeles,377,5,1.34%,156,7,4.70%,28644,829,3.0%
7-May,Los Angeles,367,-10,-2.65%,137,-19,-12.18%,29427,783,2.7%
8-May,Los Angeles,374,7,1.91%,149,12,8.76%,30296,869,3.0%
9-May,Los Angeles,397,23,6.15%,141,-8,-5.37%,31197,901,3.0%
10-May,Los Angeles,366,-31,-7.81%,155,14,9.93%,31677,480,1.5%
11-May,Los Angeles,356,-10,-2.73%,118,-37,-23.87%,32258,581,1.8%
12-May,Los Angeles,377,21,5.90%,113,-5,-4.24%,33180,922,2.9%
13-May,Los Angeles,354,-23,-6.10%,137,24,21.24%,34428,1248,3.8%
14-May,Los Angeles,373,19,5.37%,130,-7,-5.11%,35329,901,2.6%
15-May,Los Angeles,397,24,6.43%,136,6,4.62%,36259,930,2.6%
16-May,Los Angeles,370,-27,-6.80%,181,45,33.09%,37303,1044,2.9%
17-May,Los Angeles,367,-3,-0.81%,169,-12,-6.63%,37974,671,1.8%
18-May,Los Angeles,376,9,2.45%,153,-16,-9.47%,38451,477,1.3%
19-May,Los Angeles,351,-25,-6.65%,109,-44,-28.76%,39573,1122,2.9%
20-May,Los Angeles,398,47,13.39%,145,36,33.03%,40857,1284,3.2%
21-May,Los Angeles,355,-43,-10.80%,151,6,4.14%,42037,1180,2.9%
22-May,Los Angeles,406,51,14.37%,149,-2,-1.32%,43052,1015,2.4%
23-May,Los Angeles,376,-30,-7.39%,174,25,16.78%,44055,1003,2.3%
24-May,Los Angeles,345,-31,-8.24%,160,-14,-8.05%,44988,933,2.1%
25-May,Los Angeles,346,1,0.29%,165,5,3.13%,46018,1030,2.3%
26-May,Los Angeles,360,14,4.05%,138,-27,-16.36%,47822,1804,3.9%
27-May,Los Angeles,389,29,8.06%,133,-5,-3.62%,48700,878,1.8%
28-May,Los Angeles,367,-22,-5.66%,141,8,6.02%,49774,1074,2.2%
29-May,Los Angeles,479,112,30.52%,213,72,51.06%,51562,1788,3.6%
30-May,Los Angeles,598,119,24.84%,273,60,28.17%,53651,2089,4.1%
31-May,Los Angeles,395,-203,-33.95%,127,-146,-53.48%,54996,1345,2.5%
1-Jun,Los Angeles,450,55,13.92%,198,71,55.91%,55968,972,1.8%
2-Jun,Los Angeles,328,-122,-27.11%,133,-65,-32.83%,57118,1150,2.1%
3-Jun,Los Angeles,327,-1,-0.30%,139,6,4.51%,58234,1116,2.0%
4-Jun,Los Angeles,308,-19,-5.81%,139,0,0.00%,59650,1416,2.4%
5-Jun,Los Angeles,382,74,24.03%,146,7,5.04%,61045,1395,2.3%
6-Jun,Los Angeles,318,-64,-16.75%,157,11,7.53%,62338,1293,2.1%
7-Jun,Los Angeles,307,-11,-3.46%,154,-3,-1.91%,63844,1506,2.4%
8-Jun,Los Angeles,337,30,9.77%,158,4,2.60%,64644,800,1.3%
9-Jun,Los Angeles,335,-2,-0.59%,151,-7,-4.43%,65822,1178,1.8%
10-Jun,Los Angeles,359,24,7.16%,152,1,0.66%,67064,1242,1.9%
11-Jun,Los Angeles,378,19,5.29%,165,13,8.55%,68875,1811,2.7%
12-Jun,Los Angeles,424,46,12.17%,171,6,3.64%,70476,1601,2.3%
13-Jun,Los Angeles,353,-71,-16.75%,165,-6,-3.51%,72023,1547,2.2%
14-Jun,Los Angeles,359,6,1.70%,170,5,3.03%,73018,995,1.4%
15-Jun,Los Angeles,398,39,10.86%,170,0,0.00%,73791,773,1.1%
16-Jun,Los Angeles,405,7,1.76%,157,-13,-7.65%,75084,1293,1.8%
17-Jun,Los Angeles,373,-32,-7.90%,147,-10,-6.37%,77189,2105,2.8%
18-Jun,Los Angeles,410,37,9.92%,155,8,5.44%,78227,1038,1.3%
19-Jun,Los Angeles,398,-12,-2.93%,161,6,3.87%,79609,1382,1.8%
20-Jun,Los Angeles,385,-13,-3.27%,182,21,13.04%,81636,2027,2.5%
21-Jun,Los Angeles,373,-12,-3.12%,202,20,10.99%,83397,1761,2.2%
22-Jun,Los Angeles,370,-3,-0.80%,175,-27,-13.37%,85942,2545,3.1%
23-Jun,Los Angeles,369,-1,-0.27%,153,-22,-12.57%,88262,2320,2.7%
24-Jun,Los Angeles,386,17,4.61%,154,1,0.65%,89490,1228,1.4%
25-Jun,Los Angeles,430,44,11.40%,182,28,18.18%,91467,1977,2.2%
26-Jun,Los Angeles,435,5,1.16%,179,-3,-1.65%,93232,1765,1.9%
27-Jun,Los Angeles,370,-65,-14.94%,152,-27,-15.08%,95371,2139,2.3%
28-Jun,Los Angeles,345,-25,-6.76%,167,15,9.87%,97894,2523,2.6%
29-Jun,Los Angeles,410,65,18.84%,153,-14,-8.38%,100772,2878,2.9%
30-Jun,Los Angeles,361,-49,-11.95%,142,-11,-7.19%,103529,2757,2.7%
1-Mar,San Francisco,212,0,0.0%,28,0,0.0%,3,0,0.0%
2-Mar,San Francisco,204,-8,-4%,38,10,36%,3,0,0.0%
3-Mar,San Francisco,226,22,11%,28,-10,-26%,3,0,0.0%
4-Mar,San Francisco,218,-8,-4%,21,-7,-25%,3,0,0.0%
5-Mar,San Francisco,182,-36,-17%,33,12,57%,5,2,66.7%
6-Mar,San Francisco,225,43,24%,33,0,0%,5,0,0.0%
7-Mar,San Francisco,185,-40,-18%,30,-3,-9%,11,6,120.0%
8-Mar,San Francisco,191,6,3%,24,-6,-20%,11,0,0.0%
9-Mar,San Francisco,246,55,29%,38,14,58%,16,5,45.5%
10-Mar,San Francisco,198,-48,-20%,31,-7,-18%,17,1,6.3%
11-Mar,San Francisco,260,62,31%,22,-9,-29%,17,0,0.0%
12-Mar,San Francisco,209,-51,-20%,28,6,27%,21,4,23.5%
13-Mar,San Francisco,195,-14,-7%,27,-1,-4%,26,5,23.8%
14-Mar,San Francisco,174,-21,-11%,31,4,15%,31,5,19.2%
15-Mar,San Francisco,176,2,1%,24,-7,-23%,37,6,19.4%
16-Mar,San Francisco,189,13,7%,24,0,0%,43,6,16.2%
17-Mar,San Francisco,158,-31,-16%,13,-11,-46%,46,3,7.0%
18-Mar,San Francisco,148,-10,-6%,27,14,108%,51,5,10.9%
19-Mar,San Francisco,133,-15,-10%,22,-5,-19%,73,22,43.1%
20-Mar,San Francisco,210,77,58%,19,-3,-14%,79,6,8.2%
21-Mar,San Francisco,146,-64,-30%,21,2,11%,84,5,6.3%
22-Mar,San Francisco,134,-12,-8%,21,0,0%,111,27,32.1%
23-Mar,San Francisco,147,13,10%,24,3,14%,134,23,20.7%
24-Mar,San Francisco,137,-10,-7%,12,-12,-50%,152,18,13.4%
25-Mar,San Francisco,167,30,22%,23,11,92%,181,29,19.1%
26-Mar,San Francisco,139,-28,-17%,15,-8,-35%,226,45,24.9%
27-Mar,San Francisco,132,-7,-5%,15,0,0%,282,56,24.8%
28-Mar,San Francisco,131,-1,-1%,21,6,40%,308,26,9.2%
29-Mar,San Francisco,116,-15,-11%,16,-5,-24%,343,35,11.4%
30-Mar,San Francisco,132,16,14%,18,2,13%,374,31,9.0%
31-Mar,San Francisco,140,8,6%,15,-3,-17%,400,26,7.0%
1-Apr,San Francisco,169,29,21%,17,2,13%,437,37,9.3%
2-Apr,San Francisco,144,-25,-15%,27,10,59%,450,13,3.0%
3-Apr,San Francisco,150,6,4%,15,-12,-44%,500,50,11.1%
4-Apr,San Francisco,130,-20,-13%,17,2,13%,529,29,5.8%
5-Apr,San Francisco,136,6,5%,13,-4,-24%,571,42,7.9%
6-Apr,San Francisco,138,2,1%,19,6,46%,586,15,2.6%
7-Apr,San Francisco,185,47,34%,15,-4,-21%,622,36,6.1%
8-Apr,San Francisco,157,-28,-15%,25,10,67%,679,57,9.2%
9-Apr,San Francisco,152,-5,-3%,18,-7,-28%,727,48,7.1%
10-Apr,San Francisco,164,12,8%,21,3,17%,800,73,10.0%
11-Apr,San Francisco,182,18,11%,26,5,24%,860,60,7.5%
12-Apr,San Francisco,179,-3,-2%,21,-5,-19%,875,15,1.7%
13-Apr,San Francisco,187,8,4%,15,-6,-29%,960,85,9.7%
14-Apr,San Francisco,196,9,5%,25,10,67%,990,30,3.1%
15-Apr,San Francisco,196,0,0%,27,2,8%,1016,26,2.6%
16-Apr,San Francisco,150,-46,-23%,24,-3,-11%,1022,6,0.6%
17-Apr,San Francisco,150,0,0%,15,-9,-38%,1061,39,3.8%
18-Apr,San Francisco,152,2,1%,12,-3,-20%,1140,79,7.4%
19-Apr,San Francisco,166,14,9%,27,15,125%,1160,20,1.8%
20-Apr,San Francisco,210,44,27%,28,1,4%,1219,59,5.1%
21-Apr,San Francisco,136,-74,-35%,14,-14,-50%,1234,15,1.2%
22-Apr,San Francisco,166,30,22%,17,3,21%,1236,2,0.2%
23-Apr,San Francisco,159,-7,-4%,20,3,18%,1305,69,5.6%
24-Apr,San Francisco,177,18,11%,32,12,60%,1343,38,2.9%
25-Apr,San Francisco,136,-41,-23%,23,-9,-28%,1357,14,1.0%
26-Apr,San Francisco,191,55,40%,17,-6,-26%,1411,54,4.0%
27-Apr,San Francisco,159,-32,-17%,25,8,47%,1427,16,1.1%
28-Apr,San Francisco,177,18,11%,13,-12,-48%,1471,44,3.1%
29-Apr,San Francisco,174,-3,-2%,21,8,62%,1490,19,1.3%
30-Apr,San Francisco,152,-22,-13%,24,3,14%,1502,12,0.8%
1-May,San Francisco,180,28,18%,21,-3,-13%,1526,24,1.6%
2-May,San Francisco,178,-2,-1%,12,-9,-43%,1552,26,1.7%
3-May,San Francisco,157,-21,-12%,19,7,58%,1632,80,5.2%
4-May,San Francisco,198,41,26%,30,11,58%,1692,60,3.7%
5-May,San Francisco,209,11,6%,31,1,3%,1760,68,4.0%
6-May,San Francisco,160,-49,-23%,23,-8,-26%,1779,19,1.1%
7-May,San Francisco,179,19,12%,20,-3,-13%,1806,27,1.5%
8-May,San Francisco,185,6,3%,23,3,15%,1856,50,2.8%
9-May,San Francisco,168,-17,-9%,14,-9,-39%,1894,38,2.0%
10-May,San Francisco,174,6,4%,11,-3,-21%,1946,52,2.7%
11-May,San Francisco,161,-13,-7%,14,3,27%,1957,11,0.6%
12-May,San Francisco,182,21,13%,18,4,29%,1980,23,1.2%
13-May,San Francisco,182,0,0%,17,-1,-6%,1997,17,0.9%
14-May,San Francisco,181,-1,-1%,22,5,29%,2007,10,0.5%
15-May,San Francisco,190,9,5%,20,-2,-9%,2032,25,1.2%
16-May,San Francisco,189,-1,-1%,26,6,30%,2065,33,1.6%
17-May,San Francisco,189,0,0%,11,-15,-58%,2097,32,1.5%
18-May,San Francisco,198,9,5%,22,11,100%,2135,38,1.8%
19-May,San Francisco,203,5,3%,33,11,50%,2186,51,2.4%
20-May,San Francisco,221,18,9%,23,-10,-30%,2189,3,0.1%
21-May,San Francisco,215,-6,-3%,30,7,30%,2202,13,0.6%
22-May,San Francisco,233,18,8%,31,1,3%,2323,121,5.5%
23-May,San Francisco,170,-63,-27%,28,-3,-10%,2353,30,1.3%
24-May,San Francisco,153,-17,-10%,17,-11,-39%,2370,17,0.7%
25-May,San Francisco,179,26,17%,19,2,12%,2389,19,0.8%
26-May,San Francisco,202,23,13%,30,11,58%,2402,13,0.5%
27-May,San Francisco,163,-39,-19%,18,-12,-40%,2411,9,0.4%
28-May,San Francisco,185,22,13%,25,7,39%,2440,29,1.2%
29-May,San Francisco,188,3,2%,26,1,4%,2476,36,1.5%
30-May,San Francisco,295,107,57%,37,11,42%,2535,59,2.4%
31-May,San Francisco,296,1,0%,28,-9,-24%,2561,26,1.0%
1-Jun,San Francisco,250,-46,-16%,28,0,0%,2573,12,0.5%
2-Jun,San Francisco,194,-56,-22%,26,-2,-7%,2590,17,0.7%
3-Jun,San Francisco,226,32,16%,20,-6,-23%,2616,26,1.0%
4-Jun,San Francisco,186,-40,-18%,28,8,40%,2647,31,1.2%
5-Jun,San Francisco,192,6,3%,20,-8,-29%,2701,54,2.0%
6-Jun,San Francisco,148,-44,-23%,18,-2,-10%,2715,14,0.5%
7-Jun,San Francisco,177,29,20%,23,5,28%,2750,35,1.3%
8-Jun,San Francisco,201,24,14%,16,-7,-30%,2782,32,1.2%
9-Jun,San Francisco,197,-4,-2%,17,1,6%,2796,14,0.5%
10-Jun,San Francisco,184,-13,-7%,21,4,24%,2812,16,0.6%
11-Jun,San Francisco,175,-9,-5%,16,-5,-24%,2843,31,1.1%
12-Jun,San Francisco,219,44,25%,22,6,38%,2880,37,1.3%
13-Jun,San Francisco,145,-74,-34%,26,4,18%,2909,29,1.0%
14-Jun,San Francisco,143,-2,-1%,25,-1,-4%,2931,22,0.8%
15-Jun,San Francisco,198,55,38%,25,0,0%,2955,24,0.8%
16-Jun,San Francisco,188,-10,-5%,28,3,12%,2974,19,0.6%
17-Jun,San Francisco,211,23,12%,20,-8,-29%,2985,11,0.4%
18-Jun,San Francisco,180,-31,-15%,21,1,5%,3023,38,1.3%
19-Jun,San Francisco,214,34,19%,34,13,62%,3060,37,1.2%
20-Jun,San Francisco,164,-50,-23%,14,-20,-59%,3061,1,0.0%
21-Jun,San Francisco,121,-43,-26%,15,1,7%,3061,0,0.0%
22-Jun,San Francisco,166,45,37%,31,16,107%,3188,127,4.1%
23-Jun,San Francisco,164,-2,-1%,22,-9,-29%,3222,34,1.1%
24-Jun,San Francisco,198,34,21%,30,8,36%,3252,30,0.9%
25-Jun,San Francisco,172,-26,-13%,26,-4,-13%,3300,48,1.5%
26-Jun,San Francisco,162,-10,-6%,27,1,4%,3403,103,3.1%
27-Jun,San Francisco,197,35,22%,21,-6,-22%,3471,68,2.0%
28-Jun,San Francisco,178,-19,-10%,18,-3,-14%,3515,44,1.3%
29-Jun,San Francisco,187,9,5%,29,11,61%,3564,49,1.4%
30-Jun,San Francisco,216,29,16%,30,1,3%,3606,42,1.2%
1-Mar,Seattle,228,0,0.0%,48,0,0%,11,7,175.0%
2-Mar,Seattle,134,-94,-41.2%,25,-23,-47.9%,15,4,36.4%
3-Mar,Seattle,144,10,7.5%,33,8,32.0%,22,7,46.7%
4-Mar,Seattle,133,-11,-7.6%,26,-7,-21.2%,33,11,50.0%
5-Mar,Seattle,148,15,11.3%,43,17,65.4%,52,19,57.6%
6-Mar,Seattle,172,24,16.2%,32,-11,-25.6%,59,7,13.5%
7-Mar,Seattle,133,-39,-22.7%,25,-7,-21.9%,72,13,22.0%
8-Mar,Seattle,629,496,372.9%,26,1,4.0%,91,19,26.4%
9-Mar,Seattle,149,-480,-76.3%,33,7,26.9%,117,26,28.6%
10-Mar,Seattle,159,10,6.7%,35,2,6.1%,191,74,63.2%
11-Mar,Seattle,140,-19,-11.9%,21,-14,-40.0%,235,44,23.0%
12-Mar,Seattle,152,12,8.6%,30,9,42.9%,271,36,15.3%
13-Mar,Seattle,161,9,5.9%,35,5,16.7%,329,58,21.4%
14-Mar,Seattle,159,-2,-1.2%,36,1,2.9%,389,60,18.2%
15-Mar,Seattle,476,317,199.4%,32,-4,-11.1%,421,32,8.2%
16-Mar,Seattle,146,-330,-69.3%,35,3,9.4%,489,68,16.2%
17-Mar,Seattle,109,-37,-25.3%,28,-7,-20.0%,518,29,5.9%
18-Mar,Seattle,121,12,11.0%,38,10,35.7%,563,45,8.7%
19-Mar,Seattle,124,3,2.5%,32,-6,-15.8%,693,130,23.1%
20-Mar,Seattle,146,22,17.7%,31,-1,-3.1%,794,101,14.6%
21-Mar,Seattle,123,-23,-15.8%,38,7,22.6%,935,141,17.8%
22-Mar,Seattle,269,146,118.7%,19,-19,-50.0%,1036,101,10.8%
23-Mar,Seattle,140,-129,-48.0%,36,17,89.5%,1166,130,12.5%
24-Mar,Seattle,131,-9,-6.4%,31,-5,-13.9%,1278,112,9.6%
25-Mar,Seattle,124,-7,-5.3%,34,3,9.7%,1360,82,6.4%
26-Mar,Seattle,140,16,12.9%,30,-4,-11.8%,1579,219,16.1%
27-Mar,Seattle,156,16,11.4%,33,3,10.0%,1830,251,15.9%
28-Mar,Seattle,153,-3,-1.9%,30,-3,-9.1%,2079,249,13.6%
29-Mar,Seattle,242,89,58.2%,29,-1,-3.3%,2163,84,4.0%
30-Mar,Seattle,173,-69,-28.5%,36,7,24.1%,2332,169,7.8%
31-Mar,Seattle,130,-43,-24.9%,37,1,2.8%,2332,0,0.0%
1-Apr,Seattle,310,180,138.5%,23,-14,-37.8%,2498,166,7.1%
2-Apr,Seattle,148,-162,-52.3%,39,16,69.6%,2658,160,6.4%
3-Apr,Seattle,162,14,9.5%,33,-6,-15.4%,2789,131,4.9%
4-Apr,Seattle,138,-24,-14.8%,36,3,9.1%,2900,111,4.0%
5-Apr,Seattle,226,88,63.8%,37,1,2.8%,3169,269,9.3%
6-Apr,Seattle,156,-70,-31.0%,26,-11,-29.7%,3333,164,5.2%
7-Apr,Seattle,154,-2,-1.3%,34,8,30.8%,3488,155,4.7%
8-Apr,Seattle,141,-13,-8.4%,29,-5,-14.7%,3690,202,5.8%
9-Apr,Seattle,150,9,6.4%,31,2,6.9%,3888,198,5.4%
10-Apr,Seattle,166,16,10.7%,30,-1,-3.2%,4119,231,5.9%
11-Apr,Seattle,163,-3,-1.8%,40,10,33.3%,4264,145,3.5%
12-Apr,Seattle,186,23,14.1%,23,-17,-42.5%,4428,164,3.8%
13-Apr,Seattle,175,-11,-5.9%,40,17,73.9%,4551,123,2.8%
14-Apr,Seattle,170,-5,-2.9%,31,-9,-22.5%,4622,71,1.6%
15-Apr,Seattle,194,24,14.1%,29,-2,-6.5%,4699,77,1.7%
16-Apr,Seattle,160,-34,-17.5%,22,-7,-24.1%,4811,112,2.4%
17-Apr,Seattle,159,-1,-0.6%,43,21,95.5%,4904,93,1.9%
18-Apr,Seattle,167,8,5.0%,35,-8,-18.6%,5065,161,3.3%
19-Apr,Seattle,170,3,1.8%,39,4,11.4%,5174,109,2.2%
20-Apr,Seattle,158,-12,-7.1%,27,-12,-30.8%,5295,121,2.3%
21-Apr,Seattle,181,23,14.6%,31,4,14.8%,5381,86,1.6%
22-Apr,Seattle,147,-34,-18.8%,27,-4,-12.9%,5451,70,1.3%
23-Apr,Seattle,170,23,15.6%,20,-7,-25.9%,5571,120,2.2%
24-Apr,Seattle,154,-16,-9.4%,32,12,60.0%,5691,120,2.2%
25-Apr,Seattle,153,-1,-0.6%,29,-3,-9.4%,5813,122,2.1%
26-Apr,Seattle,215,62,40.5%,31,2,6.9%,5914,101,1.7%
27-Apr,Seattle,179,-36,-16.7%,37,6,19.4%,5992,78,1.3%
28-Apr,Seattle,160,-19,-10.6%,26,-11,-29.7%,6056,64,1.1%
29-Apr,Seattle,181,21,13.1%,33,7,26.9%,6184,128,2.1%
30-Apr,Seattle,173,-8,-4.4%,28,-5,-15.2%,6310,126,2.0%
1-May,Seattle,483,310,179.2%,49,21,75.0%,6409,99,1.6%
2-May,Seattle,173,-310,-64.2%,31,-18,-36.7%,6507,98,1.5%
3-May,Seattle,294,121,69.9%,30,-1,-3.2%,6620,113,1.7%
4-May,Seattle,259,-35,-11.9%,25,-5,-16.7%,6584,-36,-0.5%
5-May,Seattle,205,-54,-20.8%,25,0,0.0%,6655,71,1.1%
6-May,Seattle,261,56,27.3%,24,-1,-4.0%,6772,117,1.8%
7-May,Seattle,278,17,6.5%,27,3,12.5%,6865,93,1.4%
8-May,Seattle,391,113,40.6%,33,6,22.2%,6942,77,1.1%
9-May,Seattle,283,-108,-27.6%,38,5,15.2%,7002,60,0.9%
10-May,Seattle,358,75,26.5%,43,5,13.2%,7048,46,0.7%
11-May,Seattle,529,171,47.8%,28,-15,-34.9%,7117,69,1.0%
12-May,Seattle,484,-45,-8.5%,39,11,39.3%,7181,64,0.9%
13-May,Seattle,474,-10,-2.1%,34,-5,-12.8%,7223,42,0.6%
14-May,Seattle,595,121,25.5%,26,-8,-23.5%,7309,86,1.2%
15-May,Seattle,634,39,6.6%,29,3,11.5%,7362,53,0.7%
16-May,Seattle,302,-332,-52.4%,30,1,3.4%,7442,80,1.1%
17-May,Seattle,248,-54,-17.9%,34,4,13.3%,7482,40,0.5%
18-May,Seattle,730,482,194.4%,31,-3,-8.8%,7531,49,0.7%
19-May,Seattle,524,-206,-28.2%,36,5,16.1%,7584,53,0.7%
20-May,Seattle,535,11,2.1%,40,4,11.1%,7619,35,0.5%
21-May,Seattle,438,-97,-18.1%,19,-21,-52.5%,7647,28,0.4%
22-May,Seattle,399,-39,-8.9%,34,15,78.9%,7699,52,0.7%
23-May,Seattle,177,-222,-55.6%,31,-3,-8.8%,7766,67,0.9%
24-May,Seattle,157,-20,-11.3%,38,7,22.6%,7821,55,0.7%
25-May,Seattle,171,14,8.9%,33,-5,-13.2%,7881,60,0.8%
26-May,Seattle,236,65,38.0%,36,3,9.1%,7898,17,0.2%
27-May,Seattle,214,-22,-9.3%,34,-2,-5.6%,7933,35,0.4%
28-May,Seattle,178,-36,-16.8%,31,-3,-8.8%,7988,55,0.7%
29-May,Seattle,180,2,1.1%,42,11,35.5%,8008,20,0.3%
30-May,Seattle,186,6,3.3%,48,6,14.3%,8056,48,0.6%
31-May,Seattle,145,-41,-22.0%,38,-10,-20.8%,8161,105,1.3%
1-Jun,Seattle,189,44,30.3%,33,-5,-13.2%,8194,33,0.4%
2-Jun,Seattle,131,-58,-30.7%,36,3,9.1%,8237,43,0.5%
3-Jun,Seattle,133,2,1.5%,22,-14,-38.9%,8279,42,0.5%
4-Jun,Seattle,123,-10,-7.5%,28,6,27.3%,8335,56,0.7%
5-Jun,Seattle,102,-21,-17.1%,20,-8,-28.6%,8398,63,0.8%
6-Jun,Seattle,109,7,6.9%,33,13,65.0%,8419,21,0.3%
7-Jun,Seattle,97,-12,-11.0%,30,-3,-9.1%,8467,48,0.6%
8-Jun,Seattle,130,33,34.0%,20,-10,-33.3%,8509,42,0.5%
9-Jun,Seattle,107,-23,-17.7%,19,-1,-5.0%,8538,29,0.3%
10-Jun,Seattle,111,4,3.7%,29,10,52.6%,8561,23,0.3%
11-Jun,Seattle,90,-21,-18.9%,23,-6,-20.7%,8586,25,0.3%
12-Jun,Seattle,86,-4,-4.4%,32,9,39.1%,8646,60,0.7%
13-Jun,Seattle,79,-7,-8.1%,30,-2,-6.3%,8702,56,0.6%
14-Jun,Seattle,70,-9,-11.4%,31,1,3.3%,8753,51,0.6%
15-Jun,Seattle,86,16,22.9%,45,14,45.2%,8799,46,0.5%
16-Jun,Seattle,84,-2,-2.3%,29,-16,-35.6%,8857,58,0.7%
17-Jun,Seattle,109,25,29.8%,37,8,27.6%,8895,38,0.4%
18-Jun,Seattle,124,15,13.8%,44,7,18.9%,8989,94,1.1%
19-Jun,Seattle,129,5,4.0%,42,-2,-4.5%,9098,109,1.2%
20-Jun,Seattle,129,0,0.0%,39,-3,-7.1%,9167,69,0.8%
21-Jun,Seattle,126,-3,-2.3%,35,-4,-10.3%,9236,69,0.8%
22-Jun,Seattle,133,7,5.6%,40,5,14.3%,9275,39,0.4%
23-Jun,Seattle,142,9,6.8%,45,5,12.5%,9371,96,1.0%
24-Jun,Seattle,129,-13,-9.2%,28,-17,-37.8%,9504,133,1.4%
25-Jun,Seattle,159,30,23.3%,38,10,35.7%,9614,110,1.2%
26-Jun,Seattle,154,-5,-3.1%,39,1,2.6%,9697,83,0.9%
27-Jun,Seattle,126,-28,-18.2%,30,-9,-23.1%,9821,124,1.3%
28-Jun,Seattle,133,7,5.6%,30,0,0.0%,9903,82,0.8%
29-Jun,Seattle,152,19,14.3%,34,4,13.3%,10071,168,1.7%
30-Jun,Seattle,132,-20,-13.2%,33,-1,-2.9%,10198,127,1.3%
1-Mar,Denver,167,0,0.0%,30,0,0.0%,0,0,0.0%
2-Mar,Denver,270,103,61.7%,25,-5,-16.7%,0,0,0.0%
3-Mar,Denver,225,-45,-16.7%,21,-4,-16.0%,0,0,0.0%
4-Mar,Denver,240,15,6.7%,16,-5,-23.8%,0,0,0.0%
5-Mar,Denver,251,11,4.6%,18,2,12.5%,0,0,0.0%
6-Mar,Denver,247,-4,-1.6%,24,6,33.3%,2,2,0.0%
7-Mar,Denver,207,-40,-16.2%,24,0,0.0%,2,0,0.0%
8-Mar,Denver,173,-34,-16.4%,19,-5,-20.8%,2,0,0.0%
9-Mar,Denver,225,52,30.1%,27,8,42.1%,3,1,50.0%
10-Mar,Denver,211,-14,-6.2%,19,-8,-29.6%,4,1,33.3%
11-Mar,Denver,255,44,20.9%,25,6,31.6%,6,2,50.0%
12-Mar,Denver,187,-68,-26.7%,10,-15,-60.0%,9,3,50.0%
13-Mar,Denver,220,33,17.6%,15,5,50.0%,17,8,88.9%
14-Mar,Denver,150,-70,-31.8%,19,4,26.7%,23,6,35.3%
15-Mar,Denver,161,11,7.3%,19,0,0.0%,28,5,21.7%
16-Mar,Denver,172,11,6.8%,13,-6,-31.6%,28,0,0.0%
17-Mar,Denver,134,-38,-22.1%,20,7,53.8%,41,13,46.4%
18-Mar,Denver,137,3,2.2%,18,-2,-10.0%,45,4,9.8%
19-Mar,Denver,145,8,5.8%,9,-9,-50.0%,61,16,35.6%
20-Mar,Denver,131,-14,-9.7%,15,6,66.7%,79,18,29.5%
21-Mar,Denver,115,-16,-12.2%,25,10,66.7%,98,19,24.1%
22-Mar,Denver,114,-1,-0.9%,13,-12,-48.0%,125,27,27.6%
23-Mar,Denver,143,29,25.4%,17,4,30.8%,148,23,18.4%
24-Mar,Denver,149,6,4.2%,23,6,35.3%,176,28,18.9%
25-Mar,Denver,158,9,6.0%,18,-5,-21.7%,214,38,21.6%
26-Mar,Denver,145,-13,-8.2%,10,-8,-44.4%,262,48,22.4%
27-Mar,Denver,149,4,2.8%,12,2,20.0%,312,50,19.1%
28-Mar,Denver,105,-44,-29.5%,11,-1,-8.3%,367,55,17.6%
29-Mar,Denver,133,28,26.7%,14,3,27.3%,408,41,11.2%
30-Mar,Denver,188,55,41.4%,23,9,64.3%,465,57,14.0%
31-Mar,Denver,174,-14,-7.4%,14,-9,-39.1%,539,74,15.9%
1-Apr,Denver,159,-15,-8.6%,14,0,0.0%,586,47,8.7%
2-Apr,Denver,143,-16,-10.1%,9,-5,-35.7%,643,57,9.7%
3-Apr,Denver,141,-2,-1.4%,18,9,100.0%,716,73,11.4%
4-Apr,Denver,131,-10,-7.1%,18,0,0.0%,769,53,7.4%
5-Apr,Denver,135,4,3.1%,27,9,50.0%,825,56,7.3%
6-Apr,Denver,204,69,51.1%,18,-9,-33.3%,847,22,2.7%
7-Apr,Denver,153,-51,-25.0%,22,4,22.2%,884,37,4.4%
8-Apr,Denver,181,28,18.3%,19,-3,-13.6%,927,43,4.9%
9-Apr,Denver,158,-23,-12.7%,18,-1,-5.3%,1031,104,11.2%
10-Apr,Denver,176,18,11.4%,22,4,22.2%,1113,82,8.0%
11-Apr,Denver,134,-42,-23.9%,17,-5,-22.7%,1182,69,6.2%
12-Apr,Denver,113,-21,-15.7%,17,0,0.0%,1247,65,5.5%
13-Apr,Denver,146,33,29.2%,12,-5,-29.4%,1346,99,7.9%
14-Apr,Denver,151,5,3.4%,16,4,33.3%,1402,56,4.2%
15-Apr,Denver,155,4,2.6%,13,-3,-18.8%,1468,66,4.7%
16-Apr,Denver,165,10,6.5%,11,-2,-15.4%,1549,81,5.5%
17-Apr,Denver,171,6,3.6%,16,5,45.5%,1636,87,5.6%
18-Apr,Denver,163,-8,-4.7%,20,4,25.0%,1723,87,5.3%
19-Apr,Denver,136,-27,-16.6%,21,1,5.0%,1784,61,3.5%
20-Apr,Denver,170,34,25.0%,9,-12,-57.1%,1880,96,5.4%
21-Apr,Denver,200,30,17.6%,10,1,11.1%,2004,124,6.6%
22-Apr,Denver,183,-17,-8.5%,16,6,60.0%,2071,67,3.3%
23-Apr,Denver,205,22,12.0%,14,-2,-12.5%,2172,101,4.9%
24-Apr,Denver,162,-43,-21.0%,16,2,14.3%,2385,213,9.8%
25-Apr,Denver,155,-7,-4.3%,12,-4,-25.0%,2487,102,4.3%
26-Apr,Denver,138,-17,-11.0%,17,5,41.7%,2583,96,3.9%
27-Apr,Denver,179,41,29.7%,27,10,58.8%,2682,99,3.8%
28-Apr,Denver,178,-1,-0.6%,24,-3,-11.1%,2791,109,4.1%
29-Apr,Denver,186,8,4.5%,15,-9,-37.5%,2890,99,3.5%
30-Apr,Denver,177,-9,-4.8%,21,6,40.0%,3001,111,3.8%
1-May,Denver,178,1,0.6%,26,5,23.8%,3092,91,3.0%
2-May,Denver,171,-7,-3.9%,28,2,7.7%,3222,130,4.2%
3-May,Denver,142,-29,-17.0%,23,-5,-17.9%,3345,123,3.8%
4-May,Denver,221,79,55.6%,18,-5,-21.7%,3428,83,2.5%
5-May,Denver,180,-41,-18.6%,17,-1,-5.6%,3546,118,3.4%
6-May,Denver,207,27,15.0%,18,1,5.9%,3674,128,3.6%
7-May,Denver,199,-8,-3.9%,10,-8,-44.4%,3799,125,3.4%
8-May,Denver,187,-12,-6.0%,10,0,0.0%,3892,93,2.4%
9-May,Denver,159,-28,-15.0%,16,6,60.0%,4001,109,2.8%
10-May,Denver,137,-22,-13.8%,10,-6,-37.5%,4070,69,1.7%
11-May,Denver,188,51,37.2%,16,6,60.0%,4118,48,1.2%
12-May,Denver,202,14,7.4%,20,4,25.0%,4187,69,1.7%
13-May,Denver,202,0,0.0%,30,10,50.0%,4254,67,1.6%
14-May,Denver,205,3,1.5%,25,-5,-16.7%,4359,105,2.5%
15-May,Denver,210,5,2.4%,22,-3,-12.0%,4452,93,2.1%
16-May,Denver,189,-21,-10.0%,27,5,22.7%,4548,96,2.2%
17-May,Denver,159,-30,-15.9%,31,4,14.8%,4656,108,2.4%
18-May,Denver,208,49,30.8%,24,-7,-22.6%,4720,64,1.4%
19-May,Denver,217,9,4.3%,26,2,8.3%,4790,70,1.5%
20-May,Denver,200,-17,-7.8%,25,-1,-3.8%,4858,68,1.4%
21-May,Denver,187,-13,-6.5%,21,-4,-16.0%,4948,90,1.9%
22-May,Denver,193,6,3.2%,26,5,23.8%,5056,108,2.2%
23-May,Denver,161,-32,-16.6%,24,-2,-7.7%,5151,95,1.9%
24-May,Denver,148,-13,-8.1%,28,4,16.7%,5173,22,0.4%
25-May,Denver,150,2,1.4%,23,-5,-17.9%,5216,43,0.8%
26-May,Denver,220,70,46.7%,14,-9,-39.1%,5269,53,1.0%
27-May,Denver,216,-4,-1.8%,20,6,42.9%,5316,47,0.9%
28-May,Denver,229,13,6.0%,20,0,0.0%,5434,118,2.2%
29-May,Denver,229,0,0.0%,18,-2,-10.0%,5569,135,2.5%
30-May,Denver,255,26,11.4%,19,1,5.6%,5690,121,2.2%
31-May,Denver,298,43,16.9%,25,6,31.6%,5775,85,1.5%
1-Jun,Denver,316,18,6.0%,18,-7,-28.0%,5802,27,0.5%
2-Jun,Denver,293,-23,-7.3%,21,3,16.7%,5854,52,0.9%
3-Jun,Denver,231,-62,-21.2%,22,1,4.8%,5917,63,1.1%
4-Jun,Denver,222,-9,-3.9%,22,0,0.0%,5977,60,1.0%
5-Jun,Denver,196,-26,-11.7%,29,7,31.8%,6041,64,1.1%
6-Jun,Denver,157,-39,-19.9%,26,-3,-10.3%,6079,38,0.6%
7-Jun,Denver,140,-17,-10.8%,25,-1,-3.8%,6106,27,0.4%
8-Jun,Denver,185,45,32.1%,21,-4,-16.0%,6138,32,0.5%
9-Jun,Denver,168,-17,-9.2%,13,-8,-38.1%,6176,38,0.6%
10-Jun,Denver,144,-24,-14.3%,21,8,61.5%,6204,28,0.5%
11-Jun,Denver,199,55,38.2%,16,-5,-23.8%,6232,28,0.5%
12-Jun,Denver,170,-29,-14.6%,25,9,56.3%,6257,25,0.4%
13-Jun,Denver,158,-12,-7.1%,26,1,4.0%,6301,44,0.7%
14-Jun,Denver,162,4,2.5%,29,3,11.5%,6330,29,0.5%
15-Jun,Denver,222,60,37.0%,25,-4,-13.8%,6376,46,0.7%
16-Jun,Denver,198,-24,-10.8%,22,-3,-12.0%,6401,25,0.4%
17-Jun,Denver,187,-11,-5.6%,21,-1,-4.5%,6445,44,0.7%
18-Jun,Denver,189,2,1.1%,18,-3,-14.3%,6493,48,0.7%
19-Jun,Denver,202,13,6.9%,21,3,16.7%,6565,72,1.1%
20-Jun,Denver,158,-44,-21.8%,25,4,19.0%,6603,38,0.6%
21-Jun,Denver,163,5,3.2%,38,13,52.0%,6630,27,0.4%
22-Jun,Denver,215,52,31.9%,25,-13,-34.2%,6663,33,0.5%
23-Jun,Denver,212,-3,-1.4%,18,-7,-28.0%,6700,37,0.6%
24-Jun,Denver,234,22,10.4%,20,2,11.1%,6775,75,1.1%
25-Jun,Denver,238,4,1.7%,22,2,10.0%,6835,60,0.9%
26-Jun,Denver,177,-61,-25.6%,26,4,18.2%,6901,66,1.0%
27-Jun,Denver,160,-17,-9.6%,33,7,26.9%,6947,46,0.7%
28-Jun,Denver,180,20,12.5%,47,14,42.4%,7007,60,0.9%
29-Jun,Denver,222,42,23.3%,25,-22,-46.8%,7065,58,0.8%
30-Jun,Denver,220,-2,-0.9%,18,-7,-28.0%,7091,26,0.4%
1-Mar,Washington DC,74,0,0.0%,8,0,0.0%,0,0,0.0%
2-Mar,Washington DC,83,9,12.2%,4,-4,-50.0%,0,0,0.0%
3-Mar,Washington DC,77,-6,-7.2%,1,-3,-75.0%,0,0,0.0%
4-Mar,Washington DC,75,-2,-2.6%,3,2,200.0%,0,0,0.0%
5-Mar,Washington DC,74,-1,-1.3%,6,3,100.0%,0,0,0.0%
6-Mar,Washington DC,74,0,0.0%,2,-4,-66.7%,0,0,0.0%
7-Mar,Washington DC,79,5,6.8%,5,3,150.0%,1,1,0.0%
8-Mar,Washington DC,50,-29,-36.7%,1,-4,-80.0%,1,0,0.0%
9-Mar,Washington DC,93,43,86.0%,6,5,500.0%,4,3,300.0%
10-Mar,Washington DC,81,-12,-12.9%,7,1,16.7%,4,0,0.0%
11-Mar,Washington DC,91,10,12.3%,2,-5,-71.4%,10,6,150.0%
12-Mar,Washington DC,75,-16,-17.6%,3,1,50.0%,10,0,0.0%
13-Mar,Washington DC,75,0,0.0%,4,1,33.3%,10,0,0.0%
14-Mar,Washington DC,103,28,37.3%,5,1,25.0%,16,6,60.0%
15-Mar,Washington DC,78,-25,-24.3%,3,-2,-40.0%,17,1,6.3%
16-Mar,Washington DC,77,-1,-1.3%,4,1,33.3%,22,5,29.4%
17-Mar,Washington DC,61,-16,-20.8%,2,-2,-50.0%,31,9,40.9%
18-Mar,Washington DC,64,3,4.9%,7,5,250.0%,36,5,16.1%
19-Mar,Washington DC,41,-23,-35.9%,4,-3,-42.9%,39,3,8.3%
20-Mar,Washington DC,56,15,36.6%,5,1,25.0%,71,32,82.1%
21-Mar,Washington DC,34,-22,-39.3%,10,5,100.0%,77,6,8.5%
22-Mar,Washington DC,44,10,29.4%,3,-7,-70.0%,98,21,27.3%
23-Mar,Washington DC,50,6,13.6%,6,3,100.0%,116,18,18.4%
24-Mar,Washington DC,58,8,16.0%,8,2,33.3%,137,21,18.1%
25-Mar,Washington DC,57,-1,-1.7%,5,-3,-37.5%,183,46,33.6%
26-Mar,Washington DC,58,1,1.8%,7,2,40.0%,231,48,26.2%
27-Mar,Washington DC,45,-13,-22.4%,6,-1,-14.3%,267,36,15.6%
28-Mar,Washington DC,36,-9,-20.0%,3,-3,-50.0%,304,37,13.9%
29-Mar,Washington DC,56,20,55.6%,2,-1,-33.3%,342,38,12.5%
30-Mar,Washington DC,66,10,17.9%,3,1,50.0%,401,59,17.3%
31-Mar,Washington DC,61,-5,-7.6%,3,0,0.0%,495,94,23.4%
1-Apr,Washington DC,44,-17,-27.9%,3,0,0.0%,586,91,18.4%
2-Apr,Washington DC,39,-5,-11.4%,2,-1,-33.3%,653,67,11.4%
3-Apr,Washington DC,40,1,2.6%,2,0,0.0%,757,104,15.9%
4-Apr,Washington DC,46,6,15.0%,7,5,250.0%,902,145,19.2%
5-Apr,Washington DC,42,-4,-8.7%,2,-5,-71.4%,998,96,10.6%
6-Apr,Washington DC,58,16,38.1%,6,4,200.0%,1097,99,9.9%
7-Apr,Washington DC,57,-1,-1.7%,3,-3,-50.0%,1211,114,10.4%
8-Apr,Washington DC,47,-10,-17.5%,3,0,0.0%,1440,229,18.9%
9-Apr,Washington DC,45,-2,-4.3%,4,1,33.3%,1523,83,5.8%
10-Apr,Washington DC,42,-3,-6.7%,9,5,125.0%,1660,137,9.0%
11-Apr,Washington DC,51,9,21.4%,1,-8,-88.9%,1778,118,7.1%
12-Apr,Washington DC,42,-9,-17.6%,7,6,600.0%,1875,97,5.5%
13-Apr,Washington DC,42,0,0.0%,5,-2,-28.6%,1955,80,4.3%
14-Apr,Washington DC,61,19,45.2%,5,0,0.0%,2058,103,5.3%
15-Apr,Washington DC,47,-14,-23.0%,3,-2,-40.0%,2197,139,6.8%
16-Apr,Washington DC,57,10,21.3%,4,1,33.3%,2350,153,7.0%
17-Apr,Washington DC,46,-11,-19.3%,1,-3,-75.0%,2476,126,5.4%
18-Apr,Washington DC,26,-20,-43.5%,1,0,0.0%,2666,190,7.7%
19-Apr,Washington DC,54,28,107.7%,6,5,500.0%,2793,127,4.8%
20-Apr,Washington DC,44,-10,-18.5%,6,0,0.0%,2927,134,4.8%
21-Apr,Washington DC,54,10,22.7%,4,-2,-33.3%,3098,171,5.8%
22-Apr,Washington DC,72,18,33.3%,9,5,125.0%,3206,108,3.5%
23-Apr,Washington DC,71,-1,-1.4%,9,0,0.0%,3361,155,4.8%
24-Apr,Washington DC,64,-7,-9.9%,4,-5,-55.6%,3528,167,5.0%
25-Apr,Washington DC,51,-13,-20.3%,5,1,25.0%,3699,171,4.8%
26-Apr,Washington DC,34,-17,-33.3%,2,-3,-60.0%,3841,142,3.8%
27-Apr,Washington DC,60,26,76.5%,2,0,0.0%,3892,51,1.3%
28-Apr,Washington DC,75,15,25.0%,3,1,50.0%,3994,102,2.6%
29-Apr,Washington DC,51,-24,-32.0%,12,9,300.0%,4106,112,2.8%
30-Apr,Washington DC,55,4,7.8%,4,-8,-66.7%,4323,217,5.3%
1-May,Washington DC,51,-4,-7.3%,3,-1,-25.0%,4658,335,7.7%
2-May,Washington DC,33,-18,-35.3%,6,3,100.0%,4797,139,3.0%
3-May,Washington DC,33,0,0.0%,6,0,0.0%,5016,219,4.6%
4-May,Washington DC,64,31,93.9%,4,-2,-33.3%,5170,154,3.1%
5-May,Washington DC,63,-1,-1.6%,7,3,75.0%,5322,152,2.9%
6-May,Washington DC,54,-9,-14.3%,3,-4,-57.1%,5461,139,2.6%
7-May,Washington DC,38,-16,-29.6%,7,4,133.3%,5654,193,3.5%
8-May,Washington DC,55,17,44.7%,7,0,0.0%,5899,245,4.3%
9-May,Washington DC,37,-18,-32.7%,6,-1,-14.3%,6102,203,3.4%
10-May,Washington DC,59,22,59.5%,5,-1,-16.7%,6272,170,2.8%
11-May,Washington DC,53,-6,-10.2%,5,0,0.0%,6389,117,1.9%
12-May,Washington DC,36,-17,-32.1%,5,0,0.0%,6485,96,1.5%
13-May,Washington DC,46,10,27.8%,9,4,80.0%,6584,99,1.5%
14-May,Washington DC,46,0,0.0%,7,-2,-22.2%,6736,152,2.3%
15-May,Washington DC,50,4,8.7%,3,-4,-57.1%,6871,135,2.0%
16-May,Washington DC,49,-1,-2.0%,6,3,100.0%,7042,171,2.5%
17-May,Washington DC,49,0,0.0%,3,-3,-50.0%,7123,81,1.2%
18-May,Washington DC,61,12,24.5%,6,3,100.0%,7270,147,2.1%
19-May,Washington DC,62,1,1.6%,6,0,0.0%,7434,164,2.3%
20-May,Washington DC,80,18,29.0%,5,-1,-16.7%,7551,117,1.6%
21-May,Washington DC,60,-20,-25.0%,6,1,20.0%,7788,237,3.1%
22-May,Washington DC,58,-2,-3.3%,5,-1,-16.7%,7893,105,1.3%
23-May,Washington DC,50,-8,-13.8%,10,5,100.0%,7966,73,0.9%
24-May,Washington DC,39,-11,-22.0%,8,-2,-20.0%,8110,144,1.8%
25-May,Washington DC,48,9,23.1%,3,-5,-62.5%,8225,115,1.4%
26-May,Washington DC,62,14,29.2%,7,4,133.3%,8334,109,1.3%
27-May,Washington DC,68,6,9.7%,9,2,28.6%,8406,72,0.9%
28-May,Washington DC,58,-10,-14.7%,9,0,0.0%,8492,86,1.0%
29-May,Washington DC,63,5,8.6%,9,0,0.0%,8538,46,0.5%
30-May,Washington DC,31,-32,-50.8%,12,3,33.3%,8717,179,2.1%
31-May,Washington DC,93,62,200.0%,8,-4,-33.3%,8801,84,1.0%
1-Jun,Washington DC,178,85,91.4%,3,-5,-62.5%,8857,56,0.6%
2-Jun,Washington DC,109,-69,-38.8%,10,7,233.3%,8886,29,0.3%
3-Jun,Washington DC,70,-39,-35.8%,9,-1,-10.0%,9016,130,1.5%
4-Jun,Washington DC,89,19,27.1%,1,-8,-88.9%,9120,104,1.2%
5-Jun,Washington DC,61,-28,-31.5%,4,3,300.0%,9199,79,0.9%
6-Jun,Washington DC,45,-16,-26.2%,5,1,25.0%,9269,70,0.8%
7-Jun,Washington DC,57,12,26.7%,12,7,140.0%,9332,63,0.7%
8-Jun,Washington DC,78,21,36.8%,8,-4,-33.3%,9389,57,0.6%
9-Jun,Washington DC,68,-10,-12.8%,13,5,62.5%,9474,85,0.9%
10-Jun,Washington DC,87,19,27.9%,4,-9,-69.2%,9537,63,0.7%
11-Jun,Washington DC,74,-13,-14.9%,8,4,100.0%,9589,52,0.5%
12-Jun,Washington DC,55,-19,-25.7%,6,-2,-25.0%,9654,65,0.7%
13-Jun,Washington DC,46,-9,-16.4%,6,0,0.0%,9709,55,0.6%
14-Jun,Washington DC,74,28,60.9%,6,0,0.0%,9767,58,0.6%
15-Jun,Washington DC,74,0,0.0%,4,-2,-33.3%,9799,32,0.3%
16-Jun,Washington DC,81,7,9.5%,5,1,25.0%,9818,19,0.2%
17-Jun,Washington DC,51,-30,-37.0%,6,1,20.0%,9847,29,0.3%
18-Jun,Washington DC,53,2,3.9%,2,-4,-66.7%,9903,56,0.6%
19-Jun,Washington DC,41,-12,-22.6%,4,2,100.0%,9952,49,0.5%
20-Jun,Washington DC,53,12,29.3%,4,0,0.0%,9984,32,0.3%
21-Jun,Washington DC,61,8,15.1%,5,1,25.0%,10020,36,0.4%
22-Jun,Washington DC,65,4,6.6%,8,3,60.0%,10058,38,0.4%
23-Jun,Washington DC,77,12,18.5%,3,-5,-62.5%,10094,36,0.4%
24-Jun,Washington DC,68,-9,-11.7%,4,1,33.3%,10128,34,0.3%
25-Jun,Washington DC,68,0,0.0%,9,5,125.0%,10159,31,0.3%
26-Jun,Washington DC,40,-28,-41.2%,7,-2,-22.2%,10185,26,0.3%
27-Jun,Washington DC,49,9,22.5%,8,1,14.3%,10216,31,0.3%
28-Jun,Washington DC,69,20,40.8%,6,-2,-25.0%,10248,32,0.3%
29-Jun,Washington DC,62,-7,-10.1%,12,6,100.0%,10292,44,0.4%
30-Jun,Washington DC,74,12,19.4%,10,-2,-16.7%,10327,35,0.3%
